top_answer,match_score,embeddings
"Omnicentra offers the following benefits:
 

Health Insurance: All full-time employees are eligible for health insurance through BUPA.
Pension Scheme: Omnicentra offers a company pension scheme, which employees can opt into after six months of employment.
Other Perks: Employees receive discounts on gym memberships and can take advantage of regular social events and team building activities.
",0.894,"[0.009600769728422165, -0.013723370619118214, 0.016057182103395462, -0.048129621893167496, -0.019830409437417984, 0.026566321030259132, -0.032114364206790924, -0.016951575875282288, -0.02632874809205532, 0.00613149581477046, 0.011787843890488148, 0.0076792179606854916, -0.013513746671378613, -0.008510725572705269, -0.011578219942748547, 0.022220121696591377, 0.028983982279896736, -0.003238687524572015, 0.007134196348488331, 0.004842309281229973, 0.0006467766943387687, -0.011284747160971165, -0.014533915556967258, 0.011941567994654179, -0.005296494346112013, -0.007944741286337376, 0.01573575846850872, -0.024973180145025253, 0.011683031916618347, -0.00036050923517905176, 0.01931333728134632, 0.003643960226327181, -0.009733530692756176, -0.004035257734358311, -0.02434430830180645, 0.0036754037719219923, 0.020179782062768936, 0.011948555707931519, 0.02096237801015377, -0.0017241556197404861, 0.019620785489678383, 0.0025801192969083786, 0.0073158699087798595, -0.002104972256347537, 0.002681437646970153, 0.026859793812036514, 0.011836756020784378, -0.0025556632317602634, -0.005768147762864828, 0.009740518406033516, -0.009579806588590145, 0.042567603290081024, -0.031024320051074028, 0.0019739572890102863, 0.01573575846850872, -0.00877624936401844, 0.011333659291267395, 0.019550912082195282, -0.009817380458116531, -0.021619198843836784, 0.032170262187719345, -0.014589815400540829, -0.014380191452801228, 0.014338267035782337, -0.021395601332187653, 0.0020875034388154745, -0.005789109971374273, -0.01136160921305418, -0.02449803240597248, 0.01938321255147457, 0.022192170843482018, 0.025671925395727158, -0.0018883609445765615, 0.0026989062316715717, 0.02781008929014206, -0.02263936959207058, -0.005408293567597866, -0.016714002937078476, 0.01400985661894083, 0.01410768087953329, 0.008161352947354317, -0.02065492980182171, -0.020403381437063217, 0.014827389270067215, 0.012465627864003181, -0.011634119786322117, -0.004821347072720528, 0.01316437404602766, 0.008790223859250546, 0.01918756403028965, 0.012982700020074844, -0.0038605714216828346, 0.04019186645746231, 0.021730998530983925, -0.006858191452920437, 0.012703201733529568, 0.00971256848424673, 0.009999054484069347, 0.001442036940716207, -0.01310847420245409, -0.02442815899848938, 0.021325726062059402, -0.016867727041244507, -0.016714002937078476, -0.0062712449580430984, -0.018139444291591644, -0.016951575875282288, -0.00388502748683095, 0.023645563051104546, -0.01470161508768797, -0.005058920476585627, 0.02806163765490055, -0.032170262187719345, -0.02455393224954605, -0.004898209124803543, -0.018181368708610535, 0.027223141863942146, 0.00427632499486208, -0.0074975439347326756, -0.004922665189951658, 0.018726391717791557, 0.02611912414431572, 0.007176120765507221, 0.0023582675494253635, 0.03639068827033043, 0.016127057373523712, -0.01120788510888815, -0.02079467847943306, 0.002256949432194233, -0.007252982817590237, -0.014408141374588013, -0.006697480101138353, 0.01896396465599537, -0.012605376541614532, -0.038654625415802, 0.002794983796775341, -0.0014263151679188013, 0.012290941551327705, -0.02273719385266304, -0.001464746193960309, 0.03121996857225895, -0.0040177893824875355, 0.023966986685991287, 0.0007515886100009084, -0.005551536567509174, 0.03518884629011154, 0.007343819830566645, -0.009328258223831654, 0.009950142353773117, -0.023827236145734787, 0.0006415361422114074, -0.0042868065647780895, 0.021800873801112175, 0.0014027324505150318, 0.010767675004899502, -0.0024753075558692217, -0.010760687291622162, 0.002094490919262171, -0.010921399109065533, -0.024931255728006363, -0.007106246426701546, 0.003954902291297913, 0.010096878744661808, -0.0012821988202631474, 0.0094540324062109, 0.03647453710436821, 0.011529307812452316, -0.01400286890566349, 0.009097672067582607, 0.030633023008704185, -0.012060355395078659, 0.02473560720682144, -0.006501831114292145, 0.027265066280961037, -0.035887591540813446, 0.01938321255147457, -0.008929973468184471, -0.02268129400908947, -0.02632874809205532, -0.013744332827627659, -0.0037033534608781338, 0.014813413843512535, 0.014135630801320076, 0.0038361153565347195, -0.00956583209335804, -0.025252679362893105, -0.009370183572173119, 0.0279917623847723, 0.020403381437063217, -0.018488816916942596, -0.005142770241945982, 0.014967137947678566, 0.011864705942571163, 0.0004987299325875938, -0.6511194109916687, -0.006847710348665714, -0.002302367938682437, -0.02937527932226658, -0.008357001468539238, 0.008950935676693916, 0.016574254259467125, -0.016867727041244507, -0.01601525768637657, 0.010837549343705177, 0.007686205208301544, 0.010292528197169304, -0.0035374013241380453, -0.01901986449956894, 0.006134989205747843, -0.04351789876818657, -0.009488970041275024, -0.0008756160386838019, 0.020026057958602905, 0.006260763853788376, -0.0212558526545763, -0.016434505581855774, -0.017804047092795372, -0.006659049075096846, 0.034098803997039795, 0.029710678383708, -0.002237733919173479, -0.008587587624788284, -0.006830241531133652, 0.019942209124565125, 0.0012140710605308414, 0.02099032886326313, -0.006798798218369484, -0.006225826218724251, 0.03250566124916077, 0.0022272528149187565, -0.008936960250139236, 0.015260611660778522, -0.02582564949989319, 0.02287694253027439, -0.032142315059900284, -0.007183108478784561, 0.015330485999584198, -0.003002860816195607, -0.004206450656056404, 0.021521374583244324, -0.0033120557200163603, 0.020165808498859406, 0.021730998530983925, 0.0139609444886446, -0.006606643088161945, 0.009943154640495777, -0.012647301889955997, 0.011990480124950409, 0.01759442314505577, -0.009111647494137287, 0.01751057431101799, -0.005006514489650726, -0.016406554728746414, -0.005900909658521414, -0.008734324015676975, 0.0019826916977763176, -0.0383751280605793, -0.030912520363926888, 0.009887254796922207, 0.0018429424380883574, 0.0013974918983876705, 0.016168981790542603, -0.0016097360057756305, -0.0026307785883545876, 0.037620481103658676, 0.021828822791576385, 0.0048003848642110825, 0.01934128813445568, 0.016141030937433243, -0.009440057910978794, 0.008287127129733562, -0.011864705942571163, 0.009321270510554314, 0.02959887869656086, 0.005603942554444075, -0.023380039259791374, -0.018642541021108627, 0.00786787923425436, -0.025504227727651596, 0.009300308302044868, -0.020543130114674568, -0.01558203436434269, 0.014883289113640785, -0.023282214999198914, 0.00388153363019228, 0.03502114862203598, 0.01910371333360672, -0.021703049540519714, -0.010110854171216488, 0.030856620520353317, -0.01717517524957657, -0.00967763178050518, 0.008287127129733562, -0.018880115821957588, -0.03275721147656441, -0.009586794301867485, -0.021717024967074394, -0.004367162007838488, 0.013066548854112625, 0.015023037791252136, -0.017133250832557678, 0.018209319561719894, 0.03653043881058693, -0.001276958268135786, -0.0002338615304324776, -0.008091477677226067, 0.005803084932267666, -0.014505965635180473, 0.003773228032514453, -0.029235530644655228, 0.005638879723846912, 0.03692173585295677, -0.025574101135134697, -0.007462606765329838, 0.009132609702646732, 0.005408293567597866, 0.039101824164390564, -0.028243310749530792, 0.023044642060995102, 0.019676685333251953, -0.00855264998972416, -0.009342233650386333, -0.005694779567420483, -0.015050987713038921, -0.01724505051970482, -0.012598389759659767, 0.004038751590996981, -0.0016368123469874263, 0.024693680927157402, 0.015204711817204952, 0.0104532390832901, -0.02279309369623661, -0.00796570349484682, -0.035803742706775665, -0.013981906697154045, -0.011522321030497551, 0.00788185466080904, -0.018013671040534973, -0.012437677942216396, -0.01584755815565586, 0.01584755815565586, 0.021465474739670753, -0.027069417759776115, -0.0048877280205488205, -0.0078748669475317, -0.011662069708108902, -0.04035956412553787, 0.0012324131093919277, 0.008748299442231655, 0.0006052886601537466, -0.018307143822312355, -0.03275721147656441, -0.006201370153576136, -0.007658255752176046, 0.026678120717406273, -0.001573051791638136, -0.023729411885142326, -0.006952522322535515, -0.01470161508768797, -0.023100541904568672, -0.015218686312437057, 0.015358435921370983, -0.0039059899281710386, -0.010327464900910854, 0.0007777916034683585, -0.00129617378115654, 6.774560461053625e-05, 0.0076792179606854916, -0.011997467838227749, 0.0025399415753781796, -0.012877888046205044, 0.02101827785372734, -0.0008747425745241344, 0.0004891221760772169, -0.004954108968377113, -0.019704636186361313, -0.018558692187070847, -0.016588229686021805, 0.026524396613240242, -0.008468801155686378, 0.018055595457553864, 0.012668264098465443, -0.01734287478029728, 0.03141561895608902, -0.030716871842741966, 0.016196930781006813, 0.018335092812776566, 0.01945308782160282, 0.009642694145441055, -0.024050835520029068, -0.007336832582950592, 0.025671925395727158, 0.004318249877542257, -0.0008743058424443007, 0.02265334315598011, 0.005768147762864828, 0.03303670883178711, 0.004695572890341282, 0.02602129988372326, 0.011054161004722118, 0.02124187722802162, -0.01752454787492752, 0.0018307144055142999, 0.02807561308145523, 0.01576370932161808, -0.011382571421563625, 0.0095588443800807, -0.017915846779942513, 0.028704483062028885, -0.014911238104104996, -0.023589663207530975, 0.004772434942424297, 0.014561865478754044, 0.011962530203163624, 0.02448405884206295, 0.016727978363633156, 0.024749580770730972, 0.0056668296456336975, -0.0012830722844228148, -0.00013385352212935686, 0.004681597929447889, 0.02268129400908947, 0.0014682399341836572, 0.0006786570302210748, -0.01400985661894083, -0.0001985966955544427, -0.008902023546397686, -0.008748299442231655, 0.030940471217036247, 0.015623959712684155, 0.011144997552037239, -0.023589663207530975, 0.02270924299955368, -0.007130702491849661, 0.019998108968138695, 0.027055442333221436, 0.007539468817412853, -0.011892655864357948, 0.003968876786530018, -0.0028980488423258066, 0.030493272468447685, 0.016630154103040695, -0.0017818021588027477, -0.0011345887323841453, -0.024847405031323433, -0.0029452142771333456, -0.022373845800757408, 0.008049553260207176, 0.010886461474001408, 0.006494843401014805, -0.002174846827983856, 0.0157497338950634, 0.00950993224978447, 0.026510421186685562, 0.0052475822158157825, 0.0008507231832481921, 0.021591249853372574, -0.004209944512695074, -0.00323694059625268, 0.020081957802176476, 0.006337625905871391, 0.00956583209335804, 0.018586643040180206, -0.023757362738251686, 0.013604583218693733, -0.0037033534608781338, -0.0010944108944386244, 0.01050215121358633, 0.021591249853372574, 0.011766881681978703, -0.02261141873896122, -0.012828975915908813, 0.008308089338243008, 0.03694968670606613, -0.000363784609362483, -0.03309260681271553, 0.01590345799922943, 0.030856620520353317, 0.0023076084908097982, -0.016434505581855774, -0.008985873311758041, 0.010075916536152363, -0.017748147249221802, 0.030465323477983475, 0.020305557176470757, 0.0061769140884280205, -0.009321270510554314, 0.0057541728019714355, -0.0005371609586291015, -0.011144997552037239, 0.013919019140303135, -0.02085057832300663, 0.007448631804436445, -0.0011765134986490011, 0.0019529949640855193, -0.010229640640318394, -0.01573575846850872, -0.013814207166433334, 0.011662069708108902, -0.001900588977150619, -0.03421059995889664, -0.03278515860438347, -0.027097368612885475, -0.018209319561719894, 0.018880115821957588, -0.03826332837343216, -0.004506911151111126, -0.011969517916440964, 0.02113007754087448, -0.004471973981708288, -0.026664145290851593, -0.006058127153664827, 0.021744973957538605, -0.008363989181816578, -0.009307296015322208, -0.028271261602640152, -0.008895035833120346, -0.010271565057337284, 0.06719140708446503, 0.022052422165870667, 0.011019223369657993, 0.024945231154561043, -0.005817059893161058, 0.023421963676810265, 0.006840722635388374, -0.035747841000556946, -0.026971593499183655, 0.003284106031060219, 0.005474674515426159, -0.0007114107138477266, 0.013744332827627659, -0.008210265077650547, 0.0002869225572794676, -0.007574405986815691, -0.008014615625143051, -0.03345595672726631, -0.007644280791282654, 0.017985720187425613, -0.019648736342787743, -0.01131269708275795, 0.022150246426463127, 0.051232051104307175, 0.0028945549856871367, 0.025588076561689377, 0.019536936655640602, 0.016434505581855774, 0.023925060406327248, -0.0023547739256173372, 0.007784029934555292, -0.020571080967783928, -0.0019163107499480247, 0.035636045038700104, -0.020249657332897186, -0.010886461474001408, -0.010446252301335335, -0.0005782122607342899, 0.01730095036327839, -0.0028334148228168488, 0.011948555707931519, 0.029011931270360947, -0.006390031892806292, -0.013926006853580475, 0.01036939024925232, -0.012465627864003181, 0.028271261602640152, 0.00872733723372221, 0.025294603779911995, 0.016714002937078476, -0.004894715268164873, -0.009789430536329746, -0.007846917025744915, -0.027376865968108177, -0.002875339472666383, -0.001398365362547338, -0.016238855198025703, -0.017035426571965218, -0.0023407989647239447, -0.030744820833206177, -0.020347481593489647, -0.03356775641441345, -0.002541688270866871, -0.010872486978769302, -0.00300984806381166, -0.002632525283843279, 0.0023425458930432796, 7.899104821262881e-05, 0.0008616410777904093, 0.001411466859281063, -0.007553443778306246, -0.035440392792224884, -0.03476959839463234, 0.0008415521588176489, 0.02433033473789692, 0.00783294253051281, 0.014128643088042736, -0.003488489193841815, 0.01041131466627121, 0.0021102128084748983, 0.006858191452920437, 0.01214420422911644, -0.0021434032823890448, -0.005691285710781813, -0.010292528197169304, 0.0053943186067044735, -0.00325964973308146, 0.02607719786465168, 0.0033871710766106844, 0.023394014686346054, -0.009132609702646732, 0.0030081013683229685, 0.025015104562044144, -0.011976505629718304, 0.016350654885172844, 0.009020810015499592, 0.006190889049321413, 0.0061175208538770676, -0.0004100765218026936, 0.005411787424236536, 0.0005568132037296891, -0.022695267572999, -0.0010961577063426375, 0.0005441483808681369, 0.014673665165901184, -0.0010568532161414623, 0.0034273487981408834, -0.010481189005076885, 0.00572971673682332, -0.014519941061735153, 0.0016551545122638345, -0.005600448697805405, -0.012346840463578701, -0.019634760916233063, -0.01398889347910881, 0.007735117804259062, 0.005831034854054451, 0.018446892499923706, -0.013758307322859764, -0.013311110436916351, 0.006260763853788376, -0.024903304874897003, 0.025308577343821526, -0.004426555708050728, -0.034266501665115356, -0.005610929802060127, -0.0032736246939748526, 0.0043461997993290424, -0.007078296504914761, -0.023603638634085655, 0.01055106334388256, 0.0229048915207386, 0.0191176887601614, -0.025643976405262947, -0.020179782062768936, -0.012626339681446552, -0.035859640687704086, 0.0013442125637084246, -0.04332225024700165, -3.810349153354764e-05, -0.007714155130088329, 0.0010114347096532583, -0.010530101135373116, -0.03133177012205124, 0.020389406010508537, -0.02774021402001381, -0.0005987379117868841, 0.006491350010037422, 0.0035007172264158726, -0.005411787424236536, -0.0007913297740742564, 0.010893449187278748, -0.03982852026820183, 0.00786787923425436, -0.002185327932238579, -0.013178348541259766, -0.02448405884206295, -0.010802612639963627, 0.005453712306916714, 0.023883135989308357, 0.03267335891723633, 0.005142770241945982, 0.030129924416542053, 0.0010166753781959414, 0.007777042221277952, 0.003394158324226737, -0.010439264588057995, -0.02115802653133869, -0.007151664700359106, 0.01731492392718792, 0.0017940301913768053, 0.008909011259675026, 0.018726391717791557, -0.013353034853935242, -0.02073878049850464, 0.022136270999908447, -0.01224901620298624, -0.0189080648124218, -0.016141030937433243, -0.03284106031060219, 0.014491991139948368, -0.013541696593165398, -0.01755249872803688, 0.02613309770822525, -0.020305557176470757, -0.010886461474001408, -0.003692872356623411, 0.003130381926894188, 0.01581960916519165, -0.0016044953372329473, -0.001398365362547338, -0.0058450098149478436, 0.023477863520383835, -0.005900909658521414, 0.009824368171393871, 0.010530101135373116, -0.023170415312051773, -0.0242045596241951, -0.02800573781132698, 0.018810240551829338, 0.001987932249903679, 0.006606643088161945, 0.01720312610268593, -0.007902816869318485, 0.009048759937286377, 0.004566304851323366, -0.0035216796677559614, -0.00786787923425436, -0.011815793812274933, 0.02248564548790455, -0.008748299442231655, -0.012458640150725842, -0.016741953790187836, -0.015959357842803, 0.009328258223831654, 0.004052726551890373, -0.02611912414431572, 0.016099106520414352, 0.0009730037418194115, -0.026454521343111992, 0.011843743734061718, -0.02255551889538765, 0.029710678383708, -0.023268239572644234, 0.0317789651453495, 0.015204711817204952, -0.00388153363019228, 0.004569798707962036, -0.001231539761647582, -0.020109908655285835, 0.0018237269250676036, 0.04662032797932625, 0.0039199646562337875, 0.0008952682255767286, -0.01763634756207466, -0.0012437677942216396, -0.005401306319981813, -0.02982247620820999, -0.03356775641441345, 0.01727299951016903, 0.017929820343852043, 0.011655081994831562, -0.0038396089803427458, 0.0011232341639697552, 0.015204711817204952, 0.012549477629363537, 0.005862478632479906, -0.007392731960862875, -0.007211058400571346, 0.004737497307360172, -0.013555671088397503, 0.008496751077473164, -0.018754340708255768, 0.02965477854013443, 0.02407878451049328, -0.025630000978708267, -0.013779270462691784, 0.004353187046945095, -0.018418943509459496, 0.030381474643945694, -0.0006074722623452544, -0.0009922191966325045, 0.02244371920824051, 0.01479943934828043, -0.01131968479603529, 0.011885668151080608, 0.00881118606775999, 0.0058519975282251835, -0.0015145317884162068, 0.028592683374881744, 0.028620634227991104, -0.01120788510888815, 0.028187410905957222, -0.005506118293851614, -0.0013136423658579588, -0.0011835009790956974, -0.018502792343497276, 0.025224728509783745, -0.02467970736324787, -0.0034378301352262497, 0.013457846827805042, 0.0022482150234282017, -0.029934275895357132, -0.005341912619769573, -0.00021835810912307352, 0.01046721450984478, -0.004489442799240351, -0.0008197163115255535, 0.007434656843543053, -0.016043206676840782, -0.0028997957706451416, 0.013541696593165398, 0.013562658801674843, 0.026971593499183655, 0.007336832582950592, 0.023184390738606453, 0.016909651458263397, 0.008594575338065624, 0.00613149581477046, 0.04133781045675278, 0.005953315645456314, -0.005876453593373299, -0.039213623851537704, -0.016546303406357765, -0.027237117290496826, -0.0418129563331604, 0.035552192479372025, 0.0048842341639101505, -0.024987155571579933, -0.01770622283220291, -0.010991273447871208, -0.005432749632745981, -0.003692872356623411, -0.001159918261691928, -0.024008911103010178, 0.006865179166197777, 0.02931937947869301, -0.015568059869110584, -0.03119201958179474, 0.009223446249961853, -0.003504210850223899, -0.015344461426138878, -0.0032509155571460724, -0.015078937634825706, 0.010006042197346687, -0.009474994614720345, 0.00965666864067316, 0.0052126445807516575, -0.002169606275856495, -0.01584755815565586, 0.016029231250286102, 0.029179630801081657, -0.01576370932161808, -0.01767827197909355, -0.017147226259112358, -0.005167226307094097, -0.0040108016692101955, 0.019676685333251953, -0.007546456065028906, -0.04075086489319801, -0.017957771196961403, -0.02079467847943306, 0.014883289113640785, 0.022052422165870667, -0.02466573193669319, -0.015316511504352093, -0.029067831113934517, 0.005520092789083719, -0.01036939024925232, -0.014589815400540829, -0.014645715244114399, 0.04052726551890373, 0.01576370932161808, -0.02240179479122162, -0.025378452613949776, -0.03119201958179474, -0.03661428764462471, -0.0014394166646525264, 0.004094651434570551, 0.018097519874572754, 0.02623092196881771, 0.0073158699087798595, 0.01220709178596735, 0.00870637409389019, 0.009230433963239193, -0.009405120275914669, -0.011766881681978703, 0.002256949432194233, 0.021605225279927254, -0.02804766222834587, 0.020249657332897186, 0.01121487282216549, -0.034182652831077576, 0.011382571421563625, 0.035691943019628525, -0.011578219942748547, -0.0020054008346050978, 0.011662069708108902, -0.016490403562784195, 0.016043206676840782, 0.018600616604089737, 0.0067184423096477985, 0.016071157529950142, 0.009852318093180656, 0.0019809447694569826, -0.024791507050395012, 0.009831355884671211, 0.009349220432341099, -0.007252982817590237, -0.0028054649010300636, -0.01214420422911644, -0.0022901399061083794, -0.0053978124633431435, 0.023813262581825256, 0.0004384630883578211, -0.009894242510199547, -0.014128643088042736, -0.028956031426787376, -0.010383364744484425, 0.02421853505074978, -0.014303329400718212, 0.011536295525729656, 0.00601969612762332, -0.013436884619295597, -0.02445610798895359, 0.018642541021108627, -0.011606169864535332, -0.014338267035782337, 0.012710188515484333, -0.008895035833120346, -0.00013832986587658525, -0.0014245683560147882, -0.0018010176718235016, -0.012696214020252228, 0.015218686312437057, -0.033987004309892654, -0.008084490895271301, -0.012451652437448502, -0.0031845346093177795, 0.0032561561092734337, 0.005513105541467667, 0.007162145804613829, -0.023380039259791374, 0.01226299162954092, -0.006372563075274229, -0.029179630801081657, 0.003422108246013522, 0.013276172801852226, -0.008377963677048683, 0.02758648991584778, -0.03284106031060219, -0.020305557176470757, 0.008957923389971256, 0.012472615577280521, -0.012123242020606995, 0.04052726551890373, 0.22594648599624634, -0.007791017182171345, -0.03298080712556839, 0.03158331662416458, -0.011773869395256042, 0.017133250832557678, 0.021465474739670753, 0.012067342177033424, 0.008783236145973206, 0.008860098198056221, 0.006585680413991213, -0.005327937658876181, 0.005918378010392189, 0.004657141864299774, -0.010145790874958038, -0.044356394559144974, -0.019327312707901, 0.012332865968346596, -0.004968083463609219, 0.03147151693701744, 0.001226299093104899, -0.009328258223831654, 0.004478961694985628, -0.018838191404938698, 0.029710678383708, 0.025154853239655495, 0.0038570775650441647, 0.004573292098939419, 0.02289091795682907, 0.02976657822728157, -0.01314341090619564, 0.00473051005974412, 0.028466910123825073, 0.01552613452076912, 0.007032877765595913, 0.006148964166641235, -0.020557105541229248, -0.0009197243489325047, 0.01136859692633152, -0.003951408434659243, 0.014072743244469166, -0.018796265125274658, -0.019788485020399094, -0.005135782528668642, 0.008867085911333561, 0.028704483062028885, -0.0053943186067044735, -0.022974766790866852, -0.015316511504352093, 0.01741274818778038, -0.03857077658176422, -0.005879946984350681, 0.019564885646104813, 0.005191682372242212, 0.002679690718650818, 0.009209471754729748, 0.01309449877589941, -0.03622299060225487, -0.010131816379725933, -0.0018970952369272709, -0.007252982817590237, 0.013653496280312538, -0.019327312707901, 0.003773228032514453, 0.0029801514465361834, 0.0015381145058199763, -0.006655555218458176, -0.002817692933604121, 0.01936923712491989, -0.016574254259467125, 0.02080865390598774, -0.0005965543678030372, -0.006603149231523275, 0.0015485957264900208, -0.012612364254891872, -0.002634272212162614, 0.008566625416278839, 0.014827389270067215, 0.0061734202317893505, 0.02087852917611599, 0.018502792343497276, 0.016546303406357765, -0.0010559798683971167, 0.0029976200312376022, -0.010264578275382519, -0.0155401099473238, 0.026706069707870483, 0.005621411371976137, -0.0007791017415001988, 0.019327312707901, -0.01737082377076149, -0.007032877765595913, -0.014603789895772934, -0.012877888046205044, -0.0018237269250676036, 0.007039865478873253, 0.008999847806990147, 0.02987837605178356, -0.019830409437417984, -0.0048842341639101505, -0.022038446739315987, 0.0671355128288269, -0.012409728020429611, -0.01474353950470686, 0.0007288793567568064, 0.01759442314505577, -0.016686053946614265, 0.03658633679151535, 0.015302536077797413, -0.00518469512462616, 0.012759100645780563, -0.023505814373493195, 0.0065332744270563126, -0.009971104562282562, -0.003399399109184742, 0.0022936335299164057, 0.010634913109242916, -0.018754340708255768, 0.016839778050780296, -0.019760536029934883, 0.013688432984054089, -0.0313597172498703, -0.016811827197670937, 0.002370495581999421, 0.0059044030494987965, -0.01041131466627121, 0.001523266197182238, 0.0011555510573089123, 0.016476429998874664, -0.011536295525729656, 0.009775456041097641, -0.01041131466627121, -0.01737082377076149, -0.021842798218131065, -0.012423702515661716, -0.011117047630250454, 0.002118946984410286, -0.03552424535155296, -0.029095781967043877, -0.02630079723894596, 0.006152458023279905, -0.010033992119133472, 0.007749092765152454, -0.03457394987344742, 0.013653496280312538, -0.037480734288692474, 0.01576370932161808, -0.0024491045624017715, -0.009342233650386333, -0.02466573193669319, -0.02252756990492344, -0.02282104268670082, -0.013373997062444687, -0.0105580510571599, 0.023980960249900818, -0.011494371108710766, -0.011494371108710766, -0.04360174760222435, 0.011878681369125843, 0.0019529949640855193, -0.006037164945155382, -0.008496751077473164, 0.021605225279927254, -0.012521527707576752, -0.018572667613625526, 0.030968420207500458, -0.18066775798797607, 0.007357794791460037, 0.002274418016895652, -0.009992066770792007, 0.023044642060995102, -0.011906631290912628, 0.005010008346289396, 0.011948555707931519, -0.01410768087953329, 0.007728130090981722, 0.03194666653871536, -0.02248564548790455, -0.06691191345453262, -0.01738479919731617, 0.03133177012205124, -0.008175327442586422, -0.021577274426817894, 0.01731492392718792, 0.0030692415311932564, 0.004478961694985628, 0.025280628353357315, -0.0028107056859880686, 0.014310317113995552, 0.0044300490990281105, -0.008510725572705269, 0.015330485999584198, -0.03597144037485123, 0.012228053994476795, 0.014589815400540829, -0.01552613452076912, -0.01147340890020132, -0.01062093861401081, 0.011697007343173027, 0.002927745459601283, 0.0015040506841614842, -0.023282214999198914, 0.029291430488228798, 0.006295701023191214, -0.010613950900733471, -0.0006987459491938353, 0.011396546848118305, 0.02987837605178356, -0.008517713285982609, 0.030549172312021255, 0.004073688760399818, 0.003111166413873434, 0.006134989205747843, -0.014156593009829521, 0.0045208861120045185, -0.012542489916086197, 0.005977771710604429, -0.007218045648187399, 0.006728923413902521, -0.004098144825547934, 0.01305257435888052, -0.002300621010363102, 0.022066397592425346, 0.018041620030999184, -0.005139276385307312, -0.01583358272910118, 0.01907576434314251, -0.022373845800757408, 0.03376340493559837, -0.02973862737417221, -0.0037662405520677567, 0.005862478632479906, -0.000775171269197017, 0.00865746196359396, -0.027362890541553497, 0.01893601566553116, -0.00612800195813179, -0.0012559958267956972, 0.03608324006199837, -0.014163580723106861, 0.019872333854436874, 0.02242974564433098, -0.01725902408361435, -0.004622204229235649, 0.012703201733529568, -0.012235041707754135, -0.008391939103603363, 0.014450065791606903, -0.016448479145765305, 0.006243295036256313, -0.01716119982302189, 0.0017992708599194884, 0.025769749656319618, 0.025280628353357315, 0.004188981838524342, -0.005128795281052589, -0.0012289194855839014, -0.01203939225524664, -0.01493918802589178, -0.017957771196961403, 0.016085131093859673, 0.028564734384417534, -0.007008421700447798, 0.011655081994831562, 0.020389406010508537, -0.01220010407269001, -0.00652978103607893, -0.007176120765507221, -0.03203051537275314, 0.03845897689461708, 0.03460190072655678, 0.009244408458471298, 0.0029591890051960945, 0.002634272212162614, -0.00199666665866971, -0.0072320206090807915, -0.00015929223445709795, 0.007259970530867577, -0.006805785465985537, -0.009083697572350502, -0.012067342177033424, 0.01559600979089737, -0.00608258368447423, -0.020249657332897186, 0.010082904249429703, 0.020026057958602905, 0.07099258899688721, 0.010544076561927795, -0.027348916977643967, -0.01394696906208992, -0.02789393812417984, -0.013297135010361671, -0.11157575249671936, -0.0029696703422814608, -0.0013459593756124377, 0.029263479635119438, -0.0005825794069096446, 0.001665635616518557, 0.007211058400571346, 0.02814548648893833, -0.02639862149953842, 0.015484210103750229, 0.00021213489526417106, -0.0387943759560585, -0.010068928822875023, 0.020263632759451866, 0.02821536175906658, -0.009887254796922207, -0.010285540483891964, -0.0346577987074852, 0.024777531623840332, 0.003759253304451704, -0.010264578275382519, -0.03144356608390808, 0.006068608723580837, 0.02255551889538765, 0.012835962697863579, 3.7257352232700214e-05, -0.021437525749206543, 0.007176120765507221, 0.014436091296374798, 0.012661276385188103, 0.03127586841583252, -0.02813151106238365, 0.016392579302191734, 0.020403381437063217, -0.01910371333360672, 0.0011677792062982917, -0.037536632269620895, -0.016406554728746414, 0.009181521832942963, -0.023128490895032883, 0.0077421050518751144, -0.0015223927330225706, 0.0017922833794727921, -0.01906178891658783, 0.024875355884432793, -0.007252982817590237, -0.010865499265491962, 0.001811498892493546, 0.010222652927041054, -0.018377019092440605, -0.022974766790866852, -0.02965477854013443, -0.037676382809877396, -0.013967931270599365, -0.0014586321776732802, -0.013814207166433334, -0.02452598325908184, 0.013821194879710674, -0.008014615625143051, -0.004573292098939419, -0.00647388119250536, 0.0033889177720993757, -0.024763556197285652, -0.003958395682275295, 0.02118597738444805, -0.010061942040920258, -0.01776212267577648, -0.0012228053528815508, -0.011186922900378704, -0.018754340708255768, 0.012221066281199455, -0.006942041218280792, -0.007895829156041145, 0.004038751590996981, -0.034154701977968216, -0.03183486685156822, -0.0017014463664963841, -0.009153571911156178, -0.0005996113759465516, -0.01051612664014101, -0.009195496328175068, -0.007455619052052498, 0.020235681906342506, -0.005771641619503498, -0.01378625724464655, 0.023994935676455498, -0.004692079033702612, -0.008426875807344913, 0.0074136946350336075, -0.01723107509315014, 0.0036125164479017258, 0.010606963187456131, 0.017845971509814262, -0.01040432695299387, -0.014981113374233246, -0.002328570932149887, -0.013332072645425797, -0.014366216957569122, 0.008343026973307133, -0.0017922833794727921, -0.00797269120812416, -0.008119427599012852, -0.056654322892427444, 0.023268239572644234, -0.005436243489384651, -0.030353523790836334, 0.0030273168813437223, -0.00613149581477046, 0.04695572704076767, -0.0004930525901727378, 0.0033155495766550303, 0.03655838966369629, -0.02813151106238365, 0.029263479635119438, -0.012514539994299412, 0.007155158556997776, -0.021479450166225433, 0.007993653416633606, 0.004650154151022434, 0.021884722635149956, 0.010886461474001408, 0.023785311728715897, -0.0016263312427327037, 0.010054954327642918, 0.02064095437526703, 0.0034640331286937, -0.020026057958602905, 0.025630000978708267, -0.020067984238266945, 0.009544869884848595, -0.03267335891723633, 0.01036939024925232, 0.021912673488259315, -0.026985568925738335, 0.005869465880095959, 0.02059902995824814, -0.009789430536329746, 0.0028107056859880686, -0.02583962492644787, 0.004894715268164873, 0.02110212668776512, -0.019970159977674484, -0.013779270462691784, -0.023184390738606453, -0.0017136743990704417, -0.020040033385157585, -0.029263479635119438, 0.017063375562429428, -0.01724505051970482, 0.009209471754729748, -0.011172947473824024, 0.014967137947678566, 0.019411161541938782, 0.02079467847943306, -0.00876227393746376, -0.023855186998844147, -0.013492784462869167, -0.007071308791637421, 0.0025102447252720594, -0.011158972978591919, 0.021786898374557495, -0.03999621793627739, 0.023966986685991287, -0.01389805693179369, -0.009314283728599548, -0.025741800665855408, 0.0024211546406149864, 0.004496430046856403, -0.008915998041629791, 0.009447045624256134, -0.007183108478784561, -0.021311750635504723, -0.02787996269762516, 0.005810072645545006, -0.0012883128365501761, -0.00023910212621558458, -0.005027477163821459, 0.0379558801651001, -0.003264890518039465, -0.012731150723993778, -0.01896396465599537, 0.047961920499801636, 0.003888521110638976, -0.02117200195789337, 0.008370976895093918, 0.0007070435676723719, 0.021367650479078293, 0.026692094281315804, -0.00011212688696105033, -0.010082904249429703, -0.010341440327465534, 0.005401306319981813, -0.0042518689297139645, 0.00567731074988842, 0.0035880603827536106, -0.022262046113610268, 0.00388502748683095, 0.018768316134810448, 0.004499923903495073, 0.008510725572705269, 0.011508345603942871, 0.015190737321972847, 0.004353187046945095, 0.01125679723918438, -0.0034360832069069147, -0.00657170545309782, -0.02635669708251953, 0.010138804093003273, -0.006683505140244961, -0.03789997845888138, 0.013562658801674843, 0.0448315404355526, 0.0013922513462603092, 0.018782291561365128, 0.02635669708251953, 0.00607908982783556, 0.012898850254714489, -0.007245995569974184, 0.028620634227991104, -0.03868257626891136, -0.026999542489647865, -0.005010008346289396, -0.002033350756391883, -0.007539468817412853, -0.016266806051135063, -0.004807372111827135, 0.014967137947678566, 0.00025569734862074256, 0.014121655374765396, -0.019802460446953773, 0.010865499265491962, 0.01739877462387085, -0.009132609702646732, -0.023338114842772484, -0.018335092812776566, -0.021870749071240425, -0.0027617933228611946, 0.0029784045182168484, 0.002971417037770152, 0.00473400391638279, -0.016741953790187836, 0.08317871391773224, 0.016811827197670937, -0.0008371850126422942, 0.018069570884108543, -0.0023425458930432796, 0.04147756099700928, 0.012074329890310764, -0.005387331359088421, -0.014603789895772934, 0.003622997784987092, 0.021758949384093285, -0.010956336744129658, 0.01040432695299387, -0.004992539994418621, -0.016322705894708633, 0.004485948942601681, 0.008489763364195824, 0.018544716760516167, -0.015959357842803, -0.011906631290912628, 0.012912824749946594, -0.012835962697863579, 0.012067342177033424, 0.004122600890696049, -0.02597937360405922, 0.003965383395552635, 0.016099106520414352, 0.007644280791282654, 0.003776721889153123, -0.023394014686346054, -0.005495636723935604, 0.013744332827627659, -0.009838342666625977, 0.0036998598370701075, -0.012731150723993778, -0.007190095726400614, -0.0016516607720404863, -0.009244408458471298, 0.014408141374588013, -0.00151977245695889, -0.033819302916526794, 0.039241570979356766, -0.01928538829088211, -0.007329844869673252, -0.03899002447724342, -0.0075045316480100155, -0.0012018430279567838, -0.006491350010037422, -0.029095781967043877]"
"Omnicentra offers the following benefits:
 

Health Insurance: All full-time employees are eligible for health insurance through BUPA.
Pension Scheme: Omnicentra offers a company pension scheme, which employees can opt into after six months of employment.
Other Perks: Employees receive discounts on gym memberships and can take advantage of regular social events and team building activities.
",0.894,"[0.009643182158470154, -0.013703102245926857, 0.016099922358989716, -0.04816000908613205, -0.01983141526579857, 0.026553690433502197, -0.03208804130554199, -0.016980387270450592, -0.02631610631942749, 0.006121324375271797, 0.011753502301871777, 0.007735509425401688, -0.013556358404457569, -0.008525132201611996, -0.011585794389247894, 0.022179320454597473, 0.02895749919116497, -0.0032283698674291372, 0.007169496733695269, 0.004860024433583021, 0.0006882996531203389, -0.011257367208600044, -0.0145206768065691, 0.011949161067605019, -0.005352665204554796, -0.007973095402121544, 0.01569462940096855, -0.02494649402797222, 0.011697599664330482, -0.00038869710988365114, 0.019286364316940308, 0.0036895654629915953, -0.009741012006998062, -0.004073895048350096, -0.02435951866209507, 0.0037734191864728928, 0.020166829228401184, 0.011984100565314293, 0.020949464291334152, -0.0017644228646531701, 0.019649730995297432, 0.002615189179778099, 0.007330216467380524, -0.002126042265444994, 0.002653622068464756, 0.026819227263331413, 0.011865307576954365, -0.0025330823846161366, -0.00574398273602128, 0.009775951504707336, -0.0095243901014328, 0.04262566193938255, -0.031109744682908058, 0.0019461060874164104, 0.01573655568063259, -0.008860547095537186, 0.011348209343850613, 0.019565878435969353, -0.009831853210926056, -0.0216761976480484, 0.03214394301176071, -0.014604530297219753, -0.014380919747054577, 0.014366944320499897, -0.021396685391664505, 0.002126042265444994, -0.00574747659265995, -0.011348209343850613, -0.024569151923060417, 0.019398169592022896, 0.022207271307706833, 0.02567322738468647, -0.0019111669389531016, 0.002685067243874073, 0.027839448302984238, -0.022640515118837357, -0.005345677491277456, -0.016728825867176056, 0.013968639075756073, 0.014108395203948021, 0.008203692734241486, -0.020697902888059616, -0.020362488925457, 0.014814164489507675, 0.01248722244054079, -0.011634709313511848, -0.004804121796041727, 0.013165040872991085, 0.008762718178331852, 0.01913263276219368, 0.012997332960367203, -0.0038712485693395138, 0.04024980589747429, 0.02171812392771244, -0.0068131182342767715, 0.012689868919551373, 0.009734024293720722, 0.009978597983717918, 0.0014604530297219753, -0.013158053159713745, -0.02441542036831379, 0.021326806396245956, -0.016854606568813324, -0.016700875014066696, -0.006275056395679712, -0.018084460869431496, -0.016938459128141403, -0.003895706031471491, 0.02363278530538082, -0.014674408361315727, -0.0051080915145576, 0.028063058853149414, -0.03214394301176071, -0.024555176496505737, -0.004891469608992338, -0.018196266144514084, 0.027238497510552406, 0.004234614782035351, -0.0074769603088498116, -0.004905445035547018, 0.018671438097953796, 0.026078520342707634, 0.007169496733695269, 0.002416036557406187, 0.03636458143591881, 0.016113897785544395, -0.01119447685778141, -0.020781757310032845, 0.00221863086335361, -0.007232387084513903, -0.01445079781115055, -0.0066558923572301865, 0.019006852060556412, -0.012606015428900719, -0.038572728633880615, 0.0027968722861260176, -0.001465693931095302, 0.012214697897434235, -0.022766295820474625, -0.0014202730963006616, 0.031249502673745155, -0.003979559987783432, 0.023968201130628586, 0.0007118834764696658, -0.005495915189385414, 0.03519062697887421, 0.0073441918939352036, -0.009363669902086258, 0.009950646199285984, -0.02380049228668213, 0.0006026988849043846, -0.004255578387528658, 0.02177402749657631, 0.0013809666270390153, 0.010733281262218952, -0.0024684451054781675, -0.010796171613037586, 0.002124295337125659, -0.010894001461565495, -0.024904567748308182, -0.0071101002395153046, 0.003965584095567465, 0.010104378685355186, -0.0012709086295217276, 0.009426560252904892, 0.036532290279865265, 0.01150892861187458, -0.014038517139852047, 0.009126084856688976, 0.030634574592113495, -0.012081929482519627, 0.024722883477807045, -0.006446257699280977, 0.027280423790216446, -0.035917360335588455, 0.019384194165468216, -0.008965364657342434, -0.022696418687701225, -0.02634405717253685, -0.01378695573657751, -0.0036790838930755854, 0.01485609170049429, 0.014115382917225361, 0.003829321824014187, -0.00958029180765152, -0.025226006284356117, -0.009398609399795532, 0.027993179857730865, 0.02046031877398491, -0.01850372925400734, -0.005115079693496227, 0.014953920617699623, 0.011886270716786385, 0.00045595483970828354, -0.6511524319648743, -0.006837575696408749, -0.002257063752040267, -0.029348816722631454, -0.008378388360142708, 0.008951389230787754, 0.01651919074356556, -0.016868581995368004, -0.016057996079325676, 0.010796171613037586, 0.0076796067878603935, 0.010279073379933834, -0.0035061354283243418, -0.018978901207447052, 0.006110842805355787, -0.0434921495616436, -0.00953836552798748, -0.0008319865446537733, 0.019999122247099876, 0.006243611220270395, -0.021242953836917877, -0.01640738546848297, -0.01786085031926632, -0.006631434895098209, 0.03410052880644798, 0.02971218340098858, -0.0022343534510582685, -0.008615974336862564, -0.006858538836240768, 0.020013097673654556, 0.0011992835206910968, 0.020977415144443512, -0.006760709453374147, -0.006205178331583738, 0.032535258680582047, 0.002220377791672945, -0.008937413804233074, 0.015289335511624813, -0.025840934365987778, 0.022906051948666573, -0.03211599215865135, -0.0071764844469726086, 0.015303311869502068, -0.003006506711244583, -0.004206663928925991, 0.021494513377547264, -0.003305235877633095, 0.020138878375291824, 0.02173209935426712, 0.013919724151492119, -0.006526617798954248, 0.009992573410272598, -0.012619990855455399, 0.011998075991868973, 0.017623266205191612, -0.009126084856688976, 0.017525436356663704, -0.005027731880545616, -0.01646328903734684, -0.005873257294297218, -0.008734766393899918, 0.0020194780081510544, -0.03834912180900574, -0.03094203770160675, 0.00986679270863533, 0.0018709870055317879, 0.001424640417098999, 0.016225703060626984, -0.0016465035732835531, -0.002653622068464756, 0.03756648674607277, 0.02180197834968567, 0.004825085401535034, 0.019314317032694817, 0.016127873212099075, -0.009454512037336826, 0.008308510296046734, -0.01182338036596775, 0.009279816411435604, 0.029544474557042122, 0.005576275289058685, -0.023409174755215645, -0.018657462671399117, 0.007868277840316296, -0.025505518540740013, 0.009293791837990284, -0.02051622048020363, -0.015568848699331284, 0.01484211627393961, -0.023227492347359657, 0.003934138920158148, 0.03502292186021805, 0.01907673105597496, -0.02176005207002163, -0.010118354111909866, 0.03091408684849739, -0.01717604510486126, -0.009741012006998062, 0.008301522582769394, -0.018881071358919144, -0.0327029675245285, -0.009510413743555546, -0.02173209935426712, -0.004332444164901972, 0.013074198737740517, 0.015051750466227531, -0.01710616797208786, 0.018182290717959404, 0.036504339426755905, -0.001260426826775074, -0.00022732230718247592, -0.008098876103758812, 0.005782415624707937, -0.01453465223312378, 0.003734986297786236, -0.029237011447548866, 0.005600732285529375, 0.03695155680179596, -0.025547446683049202, -0.0074490089900791645, 0.009119096212089062, 0.00543302483856678, 0.039131756871938705, -0.02825871855020523, 0.02308773621916771, 0.0197056345641613, -0.008511156775057316, -0.009328731335699558, -0.005649647209793329, -0.015051750466227531, -0.01721797324717045, -0.012592040002346039, 0.004070401191711426, -0.001683189533650875, 0.024694932624697685, 0.015121628530323505, 0.010460756719112396, -0.022780271247029305, -0.008001046255230904, -0.035777606070041656, -0.013982614502310753, -0.01151591632515192, 0.007875265553593636, -0.018028559163212776, -0.012445296160876751, -0.0158343855291605, 0.01577848196029663, 0.021494513377547264, -0.02707078866660595, -0.004842554684728384, -0.007889240980148315, -0.011725551448762417, -0.04036160930991173, 0.001275275950320065, 0.008755730465054512, 0.0005808619898743927, -0.018308071419596672, -0.03278682008385658, -0.0061597577296197414, -0.0076446677558124065, 0.026693446561694145, -0.0015609028050675988, -0.02370266243815422, -0.0069109476171433926, -0.014688383787870407, -0.02308773621916771, -0.015233433805406094, 0.015359213575720787, -0.003941126633435488, -0.010348951444029808, 0.0008267457014881074, -0.0012578064342960715, 3.2018378988141194e-05, 0.0076446677558124065, -0.012026026844978333, 0.0025086249224841595, -0.012878539972007275, 0.0210193432867527, -0.0008551336941309273, 0.0004769182705786079, -0.004954359959810972, -0.01969165913760662, -0.018587583675980568, -0.016644971445202827, 0.026511764153838158, -0.008427303284406662, 0.017944704741239548, 0.012675893492996693, -0.017357729375362396, 0.031361307948827744, -0.030718427151441574, 0.016155824065208435, 0.018322046846151352, 0.019509974867105484, 0.009601255878806114, -0.024038078263401985, -0.0072813015431165695, 0.02565925195813179, 0.004276541993021965, -0.0009267587447538972, 0.022654490545392036, 0.005726512987166643, 0.03306633234024048, 0.004727256018668413, 0.026078520342707634, 0.010998818092048168, 0.021242953836917877, -0.017511460930109024, 0.0018273132154718041, 0.028077034279704094, 0.01573655568063259, -0.011369172483682632, 0.0095593286678195, -0.017958680167794228, 0.028733888640999794, -0.014939945191144943, -0.023576881736516953, 0.004716773983091116, 0.01453465223312378, 0.011928197927772999, 0.02445734664797783, 0.016742801293730736, 0.024708908051252365, 0.005684586241841316, -0.0012630473356693983, -0.00010629119060467929, 0.004636414349079132, 0.022654490545392036, 0.001408044365234673, 0.0007127569988369942, -0.014017554000020027, -0.00024391835904680192, -0.0089024743065238, -0.008713803254067898, 0.03091408684849739, 0.015652701258659363, 0.01115953829139471, -0.02366073615849018, 0.022724369540810585, -0.007096124812960625, 0.019999122247099876, 0.02709874138236046, 0.007497923914343119, -0.01185133121907711, 0.004014499019831419, -0.0028213297482579947, 0.030522769317030907, 0.016575094312429428, -0.0017836394254118204, -0.0011058214586228132, -0.024778787046670914, -0.002945363288745284, -0.02234702743589878, 0.008042973466217518, 0.010887013748288155, 0.006467221304774284, -0.0022029082756489515, 0.01584836095571518, 0.009475475177168846, 0.026469837874174118, 0.005286280997097492, 0.0008621214656159282, 0.021564392372965813, -0.004262566100805998, -0.003168973373249173, 0.020152853801846504, 0.006282044108957052, 0.00953836552798748, 0.018615534529089928, -0.02378651686012745, 0.013612261041998863, -0.003696553409099579, -0.0011302788043394685, 0.010488707572221756, 0.021592343226075172, 0.011781453154981136, -0.022654490545392036, -0.012829625979065895, 0.008322485722601414, 0.0369236059486866, -0.00034786207834258676, -0.03301043063402176, 0.015932215377688408, 0.030774330720305443, 0.0023356766905635595, -0.01644931361079216, -0.008986327797174454, 0.010062451474368572, -0.01777699775993824, 0.03041096404194832, 0.02033453807234764, 0.006170239299535751, -0.009293791837990284, 0.005778921768069267, -0.00048215914284810424, -0.011103635653853416, 0.013891773298382759, -0.020809708163142204, 0.007497923914343119, -0.0012342225527390838, 0.0019740574061870575, -0.010272085666656494, -0.01576450653374195, -0.013759004883468151, 0.011683624237775803, -0.0018849626649171114, -0.0342961885035038, -0.03281477093696594, -0.02705681324005127, -0.018210241571068764, 0.018853120505809784, -0.03826526552438736, -0.0044512371532619, -0.011935185641050339, 0.02118705026805401, -0.004468706902116537, -0.026707423850893974, -0.006121324375271797, 0.02177402749657631, -0.008385376073420048, -0.009314754977822304, -0.02830064482986927, -0.0088675357401371, -0.010307025164365768, 0.0671389102935791, 0.022165345028042793, 0.010998818092048168, 0.02494649402797222, -0.005768440198153257, 0.023423150181770325, 0.0068515511229634285, -0.0357496552169323, -0.02694500796496868, 0.0032493332400918007, 0.005513384938240051, -0.000751189945731312, 0.013752017170190811, -0.00823863223195076, 0.00030091271037235856, -0.007567801978439093, -0.007966107688844204, -0.03351355344057083, -0.007616716902703047, 0.018028559163212776, -0.019607804715633392, -0.011313269846141338, 0.022165345028042793, 0.0512346476316452, 0.0028615095652639866, 0.02558937296271324, 0.019468048587441444, 0.01642136089503765, 0.023926272988319397, -0.0023112192284315825, 0.007812375668436289, -0.020572122186422348, -0.001958334818482399, 0.03566579893231392, -0.020236708223819733, -0.010887013748288155, -0.010453769005835056, -0.0005939641268923879, 0.017315801233053207, -0.0028545218519866467, 0.011970124207437038, 0.0290413536131382, -0.0063833678141236305, -0.013919724151492119, 0.010369915515184402, -0.01246625930070877, 0.02827269397675991, 0.008713803254067898, 0.025323836132884026, 0.016742801293730736, -0.004880987573415041, -0.009789926931262016, -0.007819362916052341, -0.027350302785634995, -0.0028545218519866467, -0.0014464773703366518, -0.016197752207517624, -0.017008338123559952, -0.0023758565075695515, -0.030774330720305443, -0.02033453807234764, -0.03359740599989891, -0.002522600581869483, -0.0108380988240242, -0.0029837964102625847, -0.002616936108097434, 0.002386338310316205, 7.348122744588181e-05, 0.0008913829806260765, 0.0014447304420173168, -0.007560814265161753, -0.03541423752903938, -0.03474340960383415, 0.0007878759643062949, 0.02437349408864975, 0.007854302413761616, 0.0141223706305027, -0.0034851720556616783, 0.010404854081571102, 0.002133029978722334, 0.0068864901550114155, 0.01213783212006092, -0.0020718867890536785, -0.005684586241841316, -0.010286061093211174, 0.005377122666686773, -0.003205659333616495, 0.025994665920734406, 0.003403065260499716, 0.023409174755215645, -0.009168011136353016, 0.002978555392473936, 0.02503034844994545, -0.011977111920714378, 0.016281604766845703, 0.009035242721438408, 0.0062226480804383755, 0.006040964741259813, -0.00038236440741457045, 0.005457482300698757, 0.000563829205930233, -0.022724369540810585, -0.0010883519425988197, 0.0005310738342814147, 0.014716335572302341, -0.001064768061041832, 0.003462461521849036, -0.01052364706993103, 0.00573350116610527, -0.01453465223312378, 0.0016360218869522214, -0.005586756858974695, -0.012298551388084888, -0.019635755568742752, -0.013975626789033413, 0.007721533998847008, 0.005834824405610561, 0.01844782754778862, -0.01380093116313219, -0.013283833861351013, 0.006261080969125032, -0.02491854317486286, 0.025337811559438705, -0.004370877519249916, -0.03426823765039444, -0.005604226607829332, -0.0031759613193571568, 0.004332444164901972, -0.007064679637551308, -0.02363278530538082, 0.01050967164337635, 0.02294798009097576, 0.01909070648252964, -0.02565925195813179, -0.020194780081510544, -0.012564088217914104, -0.035805556923151016, 0.0013792196987196803, -0.0433523952960968, -6.742148252669722e-05, -0.007714546285569668, 0.0010368168586865067, -0.01053063478320837, -0.03141720965504646, 0.02039043977856636, -0.027783546596765518, -0.0006262827664613724, 0.006505654193460941, 0.0034851720556616783, -0.005398085806518793, -0.0008276191656477749, 0.010914964601397514, -0.039830535650253296, 0.007847314700484276, -0.0021452587097883224, -0.013172028586268425, -0.02444337122142315, -0.01081713568419218, 0.00540856784209609, 0.023842420428991318, 0.032563209533691406, 0.00510110380128026, 0.030131451785564423, 0.00103506981395185, 0.0077774361707270145, 0.003403065260499716, -0.010418829508125782, -0.02120102569460869, -0.0071485331282019615, 0.017329776659607887, 0.0018465296598151326, 0.008972352370619774, 0.018699388951063156, -0.013430577702820301, -0.020739831030368805, 0.022081490606069565, -0.012249637395143509, -0.018909024074673653, -0.016169799491763115, -0.0328427217900753, 0.014492725022137165, -0.013563346117734909, -0.017567362636327744, 0.026190325617790222, -0.020320560783147812, -0.010907976888120174, -0.0037245044950395823, 0.0030833727214485407, 0.01579245924949646, -0.0015827397583052516, -0.001369611476548016, -0.005852293688803911, 0.023479053750634193, -0.005904702469706535, 0.009831853210926056, 0.01049569621682167, -0.02317158877849579, -0.024121932685375214, -0.027993179857730865, 0.018839145079255104, 0.0019810451194643974, 0.0066244471818208694, 0.01721797324717045, -0.007868277840316296, 0.009028255008161068, 0.004538584966212511, -0.0035602909047156572, -0.00790321733802557, -0.011858319863677025, 0.02248678356409073, -0.008762718178331852, -0.012452283874154091, -0.016798702999949455, -0.015946190804243088, 0.009363669902086258, 0.004042449872940779, -0.026092495769262314, 0.016127873212099075, 0.0010036247549578547, -0.02642790973186493, 0.01182338036596775, -0.02252870984375477, 0.0297680851072073, -0.023269418627023697, 0.03175262361764908, 0.01520548202097416, -0.003909681458026171, 0.004556054249405861, -0.0013093415182083845, -0.020096952095627785, 0.0018482767045497894, 0.04665064439177513, 0.003892212174832821, 0.0009154035360552371, -0.017665192484855652, -0.001221993938088417, -0.005401579663157463, -0.02974013425409794, -0.03356945514678955, 0.017259899526834488, 0.017930729314684868, 0.011662661097943783, -0.003825827967375517, 0.0011328993132337928, 0.015247409231960773, 0.012515174224972725, 0.005876751150935888, -0.0073861186392605305, -0.0072533502243459225, 0.004825085401535034, -0.013535394333302975, 0.008483205921947956, -0.018769266083836555, 0.02974013425409794, 0.024066029116511345, -0.02563129924237728, -0.013835870660841465, 0.004335938487201929, -0.01840590126812458, 0.03038301318883896, -0.0005153512465767562, -0.0009844081941992044, 0.02236100286245346, 0.014758261851966381, -0.011362184770405293, 0.011928197927772999, 0.008776693604886532, 0.005876751150935888, -0.0015111146494746208, 0.028594132512807846, 0.028650036081671715, -0.011215440928936005, 0.028216790407896042, -0.005520372651517391, -0.0012857576366513968, -0.001227234723046422, -0.01850372925400734, 0.025198055431246758, -0.024694932624697685, -0.0034956536255776882, 0.013444553129374981, 0.0022430880926549435, -0.029991695657372475, -0.005363146774470806, -0.00021662221115548164, 0.01049569621682167, -0.004493163898587227, -0.000817574153188616, 0.007421058136969805, -0.016030043363571167, -0.0028842200990766287, 0.013514431193470955, 0.013563346117734909, 0.02697296068072319, 0.007295277435332537, 0.02318556420505047, 0.016868581995368004, 0.00856705941259861, 0.006149275694042444, 0.04136785492300987, 0.005932653788477182, -0.005908196326345205, -0.039243560284376144, -0.01653316617012024, -0.027210544794797897, -0.041815076023340225, 0.03558194637298584, 0.004894963465631008, -0.02497444488108158, -0.01769314333796501, -0.011040745303034782, -0.005471457727253437, -0.0036161935422569513, -0.0011390135623514652, -0.023940248414874077, 0.0068445634096860886, 0.029237011447548866, -0.015610774978995323, -0.031165648251771927, 0.00922391377389431, -0.0035078823566436768, -0.015317287296056747, -0.0032231288496404886, -0.015079701319336891, 0.010006548836827278, -0.009447523392736912, 0.009643182158470154, 0.005129055120050907, -0.002197667257860303, -0.01587631180882454, 0.016044020652770996, 0.029181109741330147, -0.01575053110718727, -0.017651217058300972, -0.01710616797208786, -0.005216402933001518, -0.004066907335072756, 0.0197056345641613, -0.007553826551884413, -0.04075292870402336, -0.017944704741239548, -0.020823683589696884, 0.014898017980158329, 0.022025588899850845, -0.024639030918478966, -0.015331262722611427, -0.0290413536131382, 0.005495915189385414, -0.010355939157307148, -0.014618505723774433, -0.014604530297219753, 0.040585219860076904, 0.01573655568063259, -0.0223330520093441, -0.025337811559438705, -0.031165648251771927, -0.036644093692302704, -0.0013600032543763518, 0.004059919621795416, 0.018154339864850044, 0.026232251897454262, 0.007302265148609877, 0.012228673323988914, 0.008664888329803944, 0.009188974276185036, -0.009398609399795532, -0.011767477728426456, 0.0022011613473296165, 0.021564392372965813, -0.028049083426594734, 0.020250683650374413, 0.01119447685778141, -0.03418438509106636, 0.011432062834501266, 0.035777606070041656, -0.011585794389247894, -0.001995020778849721, 0.011648684740066528, -0.01653316617012024, 0.016030043363571167, 0.018573608249425888, 0.0067502278834581375, 0.016057996079325676, 0.009831853210926056, 0.0019827920477837324, -0.024764811620116234, 0.009810890071094036, 0.009307767264544964, -0.007232387084513903, -0.002845786977559328, -0.012214697897434235, -0.002257063752040267, -0.005331701599061489, 0.02377254143357277, 0.000482595874927938, -0.009908719919621944, -0.014129359275102615, -0.02895749919116497, -0.010369915515184402, 0.024177834391593933, -0.014325018040835857, 0.011529892683029175, 0.00606192834675312, -0.013437565416097641, -0.02444337122142315, 0.018615534529089928, -0.011599770747125149, -0.014311041682958603, 0.012738783843815327, -0.00888849887996912, -0.00012392450298648328, -0.0014298813184723258, -0.0018150846008211374, -0.012689868919551373, 0.01519150659441948, -0.033988725394010544, -0.008140802383422852, -0.01247324701398611, -0.003205659333616495, 0.0032807784155011177, 0.005499409046024084, 0.0072114234790205956, -0.023311344906687737, 0.012256625108420849, -0.006446257699280977, -0.029209060594439507, 0.0034589676652103662, 0.013304797001183033, -0.008364412933588028, 0.02760186232626438, -0.03278682008385658, -0.02033453807234764, 0.008972352370619774, 0.01250119786709547, -0.012095904909074306, 0.040501367300748825, 0.2259579300880432, -0.007798399776220322, -0.03295452892780304, 0.0315290130674839, -0.011781453154981136, 0.01717604510486126, 0.021480537950992584, 0.012053978629410267, 0.008797656744718552, 0.00887452345341444, 0.006603483576327562, -0.005258329678326845, 0.005922171752899885, 0.004664365667849779, -0.0102161830291152, -0.04433069005608559, -0.019272388890385628, 0.012333490885794163, -0.004929902497678995, 0.03150106221437454, 0.001208891742862761, -0.009321743622422218, 0.00446521257981658, -0.018853120505809784, 0.02965627983212471, 0.025142153725028038, 0.003829321824014187, 0.004531597252935171, 0.02293400466442108, 0.0297680851072073, -0.013192991726100445, 0.004702798556536436, 0.028454376384615898, 0.01549897063523531, 0.0069773318246006966, 0.006114336661994457, -0.02054417133331299, -0.0008940033731050789, 0.011369172483682632, -0.003937632776796818, 0.014073456637561321, -0.018811194226145744, -0.0197755116969347, -0.005143030546605587, 0.008853559382259846, 0.028705937787890434, -0.005384110379964113, -0.02303183265030384, -0.015359213575720787, 0.017455557361245155, -0.038544777780771255, -0.005936147645115852, 0.019565878435969353, 0.005202427040785551, 0.0026693446561694145, 0.00920993834733963, 0.013032272458076477, -0.03622482344508171, -0.010125341825187206, -0.0018622522475197911, -0.007225398905575275, 0.013619248755276203, -0.019328292459249496, 0.0038118523079901934, 0.0029628328047692776, 0.0015740050002932549, -0.0066908313892781734, -0.0028580157086253166, 0.019342267885804176, -0.01653316617012024, 0.020753806456923485, -0.0005917804664932191, -0.006599989719688892, 0.0015879806596785784, -0.012613003142178059, -0.002648381283506751, 0.00856705941259861, 0.014800189062952995, 0.0061562638729810715, 0.020879587158560753, 0.01853168196976185, 0.01653316617012024, -0.0011302788043394685, 0.0029278937727212906, -0.010251122526824474, -0.015554872341454029, 0.026623569428920746, 0.005642659496515989, -0.0007673492655158043, 0.019314317032694817, -0.017371704801917076, -0.0070786550641059875, -0.014604530297219753, -0.012864564545452595, -0.0018238193588331342, 0.0070472098886966705, 0.009063194505870342, 0.029879890382289886, -0.01983141526579857, -0.004853036254644394, -0.022011611610651016, 0.06708300858736038, -0.012424332089722157, -0.014744286425411701, 0.0007136304629966617, 0.017581338062882423, -0.016672922298312187, 0.036560241132974625, 0.015331262722611427, -0.005129055120050907, 0.012731796130537987, -0.023493029177188873, 0.0065475814044475555, -0.009971610270440578, -0.0033786077983677387, 0.0023094723001122475, 0.010614488273859024, -0.018839145079255104, 0.016854606568813324, -0.01980346255004406, 0.013710089959204197, -0.031361307948827744, -0.016812678426504135, 0.0023776034358888865, 0.005911690182983875, -0.010390878655016422, 0.0014884042320773005, 0.0011704587377607822, 0.01643533818423748, -0.011571818962693214, 0.009754987433552742, -0.010467744432389736, -0.017301825806498528, -0.021885830909013748, -0.012445296160876751, -0.011089660227298737, 0.002122548408806324, -0.03552604466676712, -0.02906930446624756, -0.02626020275056362, 0.0061562638729810715, -0.010048476047813892, 0.0077774361707270145, -0.034547749906778336, 0.013605272397398949, -0.03748263046145439, 0.01576450653374195, -0.0024073016829788685, -0.009370657615363598, -0.024708908051252365, -0.02251473441720009, -0.022822199389338493, -0.013388650491833687, -0.010572561994194984, 0.023968201130628586, -0.011397123336791992, -0.011536880396306515, -0.04360395669937134, 0.011921210214495659, 0.0020107433665543795, -0.006044458597898483, -0.008490193635225296, 0.02163427136838436, -0.012529149651527405, -0.018587583675980568, 0.03096998855471611, -0.1806769073009491, 0.007407082244753838, 0.0022675455547869205, -0.009978597983717918, 0.02303183265030384, -0.01183036807924509, 0.004978816956281662, 0.011949161067605019, -0.014136346988379955, 0.007721533998847008, 0.031976234167814255, -0.022542687132954597, -0.06691530346870422, -0.017357729375362396, 0.031333357095718384, -0.008182729594409466, -0.021606318652629852, 0.017343753948807716, 0.0030589152593165636, 0.00446171872317791, 0.025309860706329346, -0.0027863907162100077, 0.014234175905585289, 0.00444424943998456, -0.008476217277348042, 0.015331262722611427, -0.035973262041807175, 0.012214697897434235, 0.014618505723774433, -0.01549897063523531, -0.011460013687610626, -0.010642440058290958, 0.011725551448762417, 0.0028877139557152987, 0.0014770490815863013, -0.023311344906687737, 0.029292913153767586, 0.0062925261445343494, -0.010621476918458939, -0.0007136304629966617, 0.011432062834501266, 0.029879890382289886, -0.008497181348502636, 0.030522769317030907, 0.004101846367120743, 0.003168973373249173, 0.006173733156174421, -0.014171285554766655, 0.004514127504080534, -0.012522161938250065, 0.005929159931838512, -0.007162509020417929, 0.006701312959194183, -0.004059919621795416, 0.013109138235449791, -0.0023007376585155725, 0.022081490606069565, 0.018056510016322136, -0.005122067406773567, -0.01577848196029663, 0.01907673105597496, -0.0224029291421175, 0.03379306569695473, -0.02974013425409794, -0.003766431473195553, 0.005897714756429195, -0.0007996679050847888, 0.008643925189971924, -0.027294399216771126, 0.018922999501228333, -0.006121324375271797, -0.001288378145545721, 0.03608506917953491, -0.014150322414934635, 0.01985936611890793, 0.02241690643131733, -0.017245924100279808, -0.004681834951043129, 0.012654930353164673, -0.012256625108420849, -0.008392363786697388, 0.014422846958041191, -0.01642136089503765, 0.006184214726090431, -0.01717604510486126, 0.0017888802103698254, 0.02578503079712391, 0.025281909853219986, 0.00413678539916873, -0.0051080915145576, -0.0012647942639887333, -0.012053978629410267, -0.01488404255360365, -0.018000608310103416, 0.016113897785544395, 0.028552206233143806, -0.007001789286732674, 0.011676636524498463, 0.02040441520512104, -0.012179759331047535, -0.0065231239423155785, -0.007232387084513903, -0.032060086727142334, 0.038460925221443176, 0.034547749906778336, 0.009279816411435604, 0.002938375575467944, 0.002646634355187416, -0.0019810451194643974, -0.0071904598735272884, -0.00015558802988380194, 0.0072813015431165695, -0.006837575696408749, -0.009042230434715748, -0.012088917195796967, 0.015638725832104683, -0.006128312554210424, -0.020292609930038452, 0.010111366398632526, 0.019985146820545197, 0.07105208933353424, 0.01052364706993103, -0.027336325496435165, -0.013961651362478733, -0.027853423729538918, -0.013332747854292393, -0.11146960407495499, -0.002997772069647908, -0.001325064105913043, 0.029292913153767586, -0.0006105601787567139, 0.0016071971040219069, 0.007232387084513903, 0.028118960559368134, -0.02642790973186493, 0.015429092571139336, 0.0001726208283798769, -0.03879633918404579, -0.010062451474368572, 0.020250683650374413, 0.028188839554786682, -0.00988775584846735, -0.010265097953379154, -0.034631602466106415, 0.024764811620116234, 0.0037384801544249058, -0.010251122526824474, -0.03144516050815582, 0.006047952454537153, 0.022570637986063957, 0.012766735628247261, 7.091539009707049e-05, -0.021452587097883224, 0.007197448052465916, 0.01445079781115055, 0.012626978568732738, 0.031361307948827744, -0.028132937848567963, 0.01635148376226425, 0.0204323660582304, -0.01909070648252964, 0.0011049479944631457, -0.03756648674607277, -0.01640738546848297, 0.009147047996520996, -0.02314363792538643, 0.007763460744172335, -0.0015827397583052516, 0.0018255662871524692, -0.0190487802028656, 0.02493251860141754, -0.007225398905575275, -0.010921952314674854, 0.0018133375560864806, 0.010265097953379154, -0.01836397312581539, -0.02296195551753044, -0.02971218340098858, -0.03770624101161957, -0.014010566286742687, -0.0014761756174266338, -0.01380093116313219, -0.024527225643396378, 0.013814907521009445, -0.008028998039662838, -0.004545572679489851, -0.006435776129364967, 0.0034205347765237093, -0.024750836193561554, -0.003955102525651455, 0.02117307484149933, -0.010048476047813892, -0.01779097318649292, -0.0012516920687630773, -0.01118050143122673, -0.018755290657281876, 0.012291563674807549, -0.0069144414737820625, -0.007882253266870975, 0.004049438051879406, -0.03421233594417572, -0.031892381608486176, -0.0017539411783218384, -0.009140060283243656, -0.0006293399492278695, -0.01053762249648571, -0.00919596292078495, -0.007372143212705851, 0.020236708223819733, -0.005730006843805313, -0.013772980310022831, 0.024052053689956665, -0.004685328807681799, -0.008441278710961342, 0.007421058136969805, -0.01721797324717045, 0.0035847483668476343, 0.010649427771568298, 0.01786085031926632, -0.010376903228461742, -0.014967896044254303, -0.0024038078263401985, -0.013325760141015053, -0.014338993467390537, 0.008357425220310688, -0.0018028558697551489, -0.007973095402121544, -0.008175741881132126, -0.0566292405128479, 0.023311344906687737, -0.00542953098192811, -0.03038301318883896, 0.0029925310518592596, -0.006121324375271797, 0.04698605835437775, -0.0004699304699897766, 0.003263308899477124, 0.036588191986083984, -0.028132937848567963, 0.029264962300658226, -0.01250119786709547, 0.007127569522708654, -0.021536441519856453, 0.00795213133096695, 0.004604969173669815, 0.021913783624768257, 0.010907976888120174, 0.02374459058046341, -0.0016325279138982296, 0.010132329538464546, 0.020558146759867668, 0.0035061354283243418, -0.019999122247099876, 0.02565925195813179, -0.020082976669073105, 0.0095243901014328, -0.032675016671419144, 0.010397866368293762, 0.021913783624768257, -0.02695898525416851, 0.005911690182983875, 0.020614050328731537, -0.009803902357816696, 0.0028527749236673117, -0.02578503079712391, 0.004908938892185688, 0.02113114856183529, -0.019971171393990517, -0.013779968023300171, -0.02318556420505047, -0.0016936713363975286, -0.020041048526763916, -0.029292913153767586, 0.01712014339864254, -0.017245924100279808, 0.009168011136353016, -0.011222428642213345, 0.014967896044254303, 0.019356243312358856, 0.020795732736587524, -0.008762718178331852, -0.023870371282100677, -0.013563346117734909, -0.007106606382876635, 0.0025400700978934765, -0.01115953829139471, 0.02176005207002163, -0.03999824449419975, 0.023954223841428757, -0.013933700509369373, -0.009328731335699558, -0.02570117823779583, 0.002414289629086852, 0.004486176185309887, -0.00889548659324646, 0.009398609399795532, -0.007232387084513903, -0.021326806396245956, -0.027895351871848106, 0.005775427911430597, -0.0012665411923080683, -0.0002613879041746259, -0.004957853816449642, 0.037957802414894104, -0.0032755376305431128, -0.012689868919551373, -0.018978901207447052, 0.047880496829748154, 0.003930645063519478, -0.02118705026805401, 0.008322485722601414, 0.0007284795283339918, 0.021354757249355316, 0.026707423850893974, -0.00012523471377789974, -0.010090402327477932, -0.010327988304197788, 0.005401579663157463, -0.004266059957444668, 0.005667116492986679, 0.0035742665641009808, -0.022263173013925552, 0.003895706031471491, 0.018755290657281876, 0.004500152077525854, 0.008518144488334656, 0.01147399004548788, 0.015135603956878185, 0.004377865232527256, 0.011292306706309319, -0.0034275224898010492, -0.006565050687640905, -0.02637200802564621, 0.010111366398632526, -0.006676855962723494, -0.037845999002456665, 0.013521418906748295, 0.044805858284235, 0.0014490977628156543, 0.018797218799591064, 0.02634405717253685, 0.006131806410849094, 0.012871552258729935, -0.007204435765743256, 0.028622083365917206, -0.03865658491849899, -0.02698693610727787, -0.005017249844968319, -0.002000261563807726, -0.007567801978439093, -0.016225703060626984, -0.004835566971451044, 0.014995847828686237, 0.0002493775973562151, 0.014129359275102615, -0.01974756084382534, 0.01083111111074686, 0.017441581934690475, -0.009147047996520996, -0.023325322195887566, -0.018294095993041992, -0.02187185548245907, -0.0027531986124813557, 0.002931387862190604, 0.002973314607515931, 0.00478315819054842, -0.016784727573394775, 0.08312702924013138, 0.016868581995368004, -0.0008232517866417766, 0.018042534589767456, -0.002356640063226223, 0.04147966206073761, 0.012088917195796967, -0.005405073519796133, -0.014604530297219753, 0.003630169201642275, 0.02170414850115776, -0.010963879525661469, 0.010376903228461742, -0.004940384067595005, -0.016309557482600212, 0.004514127504080534, 0.008504169061779976, 0.018559632822871208, -0.015974141657352448, -0.011872295290231705, 0.012892515398561954, -0.01279468648135662, 0.012060966342687607, 0.004070401191711426, -0.025980690494179726, 0.003934138920158148, 0.016141848638653755, 0.007693582680076361, 0.003769925329834223, -0.023395199328660965, -0.005464470013976097, 0.013738041743636131, -0.00987378042191267, 0.0036790838930755854, -0.012703845277428627, -0.0071834721602499485, -0.001631654449738562, -0.00922391377389431, 0.014366944320499897, -0.001502379891462624, -0.033876918256282806, 0.039243560284376144, -0.019286364316940308, -0.0073511796072125435, -0.03893609717488289, -0.0074769603088498116, -0.0012831372441723943, -0.006533605512231588, -0.029125206172466278]"
